,City,Country,Date,Latitude,Longitude,Cloudiness (%),Humidity (%),Max Temp (F),Wind Speed (mph)
0,bandarbeyla,SO,2023-04-14 11:27:48,9.4942,50.8122,54,75,84.07400000000001,5.45
1,valparaiso,CL,2023-04-14 11:26:05,-33.0393,-71.6273,75,69,64.30999999999997,1.03
2,abalak,RU,2023-04-14 11:27:48,58.1286,68.5944,2,44,21.70399999999995,3.45
3,mahebourg,MU,2023-04-14 11:27:49,-20.4081,57.7,75,83,81.15800000000002,0
4,thompson,CA,2023-04-14 11:26:50,55.7435,-97.8558,75,56,39.63200000000002,2.57
5,manokwari,ID,2023-04-14 11:27:49,-0.8667,134.0833,55,80,79.75399999999996,2.4
6,victoria,HK,2023-04-14 11:27:05,22.2855,114.1577,1,87,78.476,2.4
7,chokurdakh,RU,2023-04-14 11:27:50,70.6333,147.9167,100,96,3.4519999999999733,1.69
8,la ronge,CA,2023-04-14 11:27:50,55.1001,-105.2842,75,69,32.522000000000034,2.06
9,rikitea,PF,2023-04-14 11:27:50,-23.1203,-134.9692,79,76,78.08000000000004,7.38
10,pisco,PE,2023-04-14 11:27:50,-13.7,-76.2167,0,61,80.924,5.66
11,butaritari,KI,2023-04-14 11:27:50,3.0707,172.7902,75,78,81.734,3.97
12,illoqqortoormiut,,,,,,,,
13,alofi,NU,2023-04-14 11:27:50,-19.0595,-169.9187,71,94,75.36199999999997,2.06
14,busselton,AU,2023-04-14 11:27:50,-33.65,115.3333,90,66,56.11999999999996,5.19
15,vaini,TO,2023-04-14 11:27:50,-21.2,-175.2,20,88,77.43200000000002,4.63
16,bredasdorp,ZA,2023-04-14 11:27:50,-34.5322,20.0403,8,46,63.12200000000004,5.02
17,opuwo,NA,2023-04-14 11:27:51,-18.0607,13.84,47,16,93.03800000000004,3.6
18,izumo,JP,2023-04-14 11:27:51,35.3667,132.7667,100,90,57.41600000000001,2.1
19,port lincoln,AU,2023-04-14 11:27:51,-34.7333,135.8667,100,75,63.464000000000034,9.4
20,punta arenas,CL,2023-04-14 11:27:51,-53.15,-70.9167,40,65,44.977999999999966,7.72
21,saskylakh,RU,2023-04-14 11:27:51,71.9167,114.0833,90,96,24.601999999999975,5.91
22,mataura,NZ,2023-04-14 11:27:51,-46.1927,168.8643,4,94,45.535999999999966,1.9
23,cape town,ZA,2023-04-14 11:20:00,-33.9258,18.4232,0,53,65.37200000000004,9.77
24,ushuaia,AR,2023-04-14 11:27:51,-54.8,-68.3,0,70,42.727999999999966,1.54
25,vao,NC,2023-04-14 11:27:51,-22.6667,167.4833,100,82,76.316,8.9
26,mongoumba,CF,2023-04-14 11:27:51,3.6415,18.5936,81,56,86.03599999999997,1.66
27,hilo,US,2023-04-14 11:27:52,19.7297,-155.09,0,82,70.55600000000004,3.09
28,tucurui,BR,2023-04-14 11:27:52,-3.7661,-49.6725,99,67,87.02599999999998,1.34
29,sao felix do xingu,BR,2023-04-14 11:27:23,-6.6447,-51.995,100,66,85.892,1.21
30,mambolo,SL,2023-04-14 11:27:52,8.9231,-13.0444,51,43,84.75800000000001,4.84
31,bereda,ES,2023-04-14 11:27:52,43.2686,-7.5406,83,62,63.40999999999998,4.41
32,kristiinankaupunki,FI,2023-04-14 11:27:52,62.2743,21.376,90,76,40.80199999999998,4.99
33,dzilam gonzalez,MX,2023-04-14 11:27:52,21.2833,-88.9333,81,49,86.52200000000005,3.68
34,aquiraz,BR,2023-04-14 11:27:52,-3.9014,-38.3911,90,74,82.45399999999995,5.07
35,airai,TL,2023-04-14 11:27:52,-8.9266,125.4092,52,95,61.34000000000002,0.74
36,poya,NC,2023-04-14 11:27:53,-21.35,165.15,100,91,74.58800000000005,2.17
37,taolanaro,,,,,,,,
38,guangyuan,CN,2023-04-14 11:27:53,32.442,105.823,74,58,61.32200000000004,1.86
39,hermanus,ZA,2023-04-14 11:27:53,-34.4187,19.2345,3,56,65.066,3.32
40,saint pete beach,US,2023-04-14 11:27:53,27.7253,-82.7412,75,79,83.51600000000002,4.12
41,kieta,PG,2023-04-14 11:27:53,-6.2167,155.6333,100,87,79.25,1.93
42,karratha,AU,2023-04-14 11:27:53,-20.7377,116.8463,39,44,83.642,4.1
43,qaanaaq,GL,2023-04-14 11:27:54,77.484,-69.3632,31,78,13.927999999999962,1.91
44,wattegama,LK,2023-04-14 11:27:54,6.7989,81.4808,40,89,77.09000000000003,1
45,kloulklubed,PW,2023-04-14 11:27:54,7.0419,134.2556,17,76,83.89399999999998,6.92
46,pozo colorado,PY,2023-04-14 11:27:55,-23.4923,-58.7972,100,84,71.65399999999995,2.74
47,lompoc,US,2023-04-14 11:27:55,34.6391,-120.4579,75,82,50.792,5.36
48,georgetown,MY,2023-04-14 11:24:17,5.4112,100.3354,20,83,87.99800000000002,3.09
49,lagoa,PT,2023-04-14 11:26:41,39.05,-27.9833,5,84,61.969999999999956,6.5
50,mayo,US,2023-04-14 11:27:55,38.8876,-76.5119,0,48,79.73599999999996,5.14
51,arlit,NE,2023-04-14 11:27:55,18.7369,7.3853,86,7,101.37200000000004,3.02
52,tabou,CI,2023-04-14 11:27:56,4.423,-7.3528,47,68,86.46799999999999,4.04
53,alibag,IN,2023-04-14 11:27:56,18.6411,72.8792,100,57,88.142,3.42
54,port alfred,ZA,2023-04-14 11:27:56,-33.5906,26.891,70,77,62.45600000000003,4.92
55,malakal,SS,2023-04-14 11:27:56,9.5334,31.6605,23,13,102.27200000000003,2.37
56,inhambane,MZ,2023-04-14 11:27:56,-23.865,35.3833,0,78,80.85199999999998,6.17
57,tasiilaq,GL,2023-04-14 11:27:56,65.6145,-37.6368,60,75,36.03200000000002,1.09
58,bluff,NZ,2023-04-14 11:27:56,-46.6,168.3333,2,86,50.377999999999965,3.39
59,luderitz,NA,2023-04-14 11:27:56,-26.6481,15.1594,2,48,74.37200000000004,12.21
60,santona,ES,2023-04-14 11:27:56,43.4439,-3.4576,81,78,62.79800000000003,10.56
61,kapaa,US,2023-04-14 11:23:22,22.0752,-159.319,100,84,73.99399999999997,8.75
62,atok,PH,2023-04-14 11:27:57,16.5724,120.6808,100,98,61.95199999999998,0.6
63,mareeba,AU,2023-04-14 11:27:57,-17,145.4333,99,86,72.59000000000003,0.84
64,cabarroguis,PH,2023-04-14 11:27:58,16.5833,121.5,87,89,76.1,1.35
65,tura,IN,2023-04-14 11:27:58,25.5198,90.2201,83,21,81.87799999999996,1.75
66,maragogi,BR,2023-04-14 11:27:58,-9.0122,-35.2225,100,68,82.66999999999996,4.6
67,vaitupu,,,,,,,,
68,codrington,AU,2023-04-14 11:27:58,-38.2667,141.9667,100,51,67.13599999999997,8.61
69,ahipara,NZ,2023-04-14 11:23:11,-35.1667,173.1667,81,80,64.43599999999998,7.47
70,ponta do sol,PT,2023-04-14 11:27:59,32.6667,-17.1,1,53,72.392,3.6
71,fairbanks,US,2023-04-14 11:23:08,64.8378,-147.7164,75,81,3.4339999999999904,2.57
72,coruripe,BR,2023-04-14 11:28:00,-10.1256,-36.1756,100,63,84.63200000000002,3.68
73,new norfolk,AU,2023-04-14 11:28:00,-42.7826,147.0587,39,96,53.977999999999966,1.36
74,hithadhoo,MV,2023-04-14 11:28:00,-0.6,73.0833,90,70,84.68599999999998,3.98
75,atuona,PF,2023-04-14 11:28:00,-9.8,-139.0333,46,71,79.39399999999998,0.5
76,hoegaarden,BE,2023-04-14 11:28:00,50.7758,4.8874,75,52,58.71199999999996,4.12
77,hami,CN,2023-04-14 11:28:00,42.8,93.45,50,19,61.26799999999999,1.09
78,kazuno,JP,2023-04-14 11:28:00,40.1836,140.7872,95,94,47.3,0.79
79,tuktoyaktuk,CA,2023-04-14 11:28:01,69.4541,-133.0374,75,76,-16.32999999999999,0
80,constitucion,CL,2023-04-14 11:28:01,-35.3333,-72.4167,98,72,61.75399999999995,1.03
81,lebu,CL,2023-04-14 11:28:01,-37.6167,-73.65,7,76,58.78399999999999,5.7
82,eraclea,IT,2023-04-14 11:28:01,45.5806,12.6756,100,62,60.530000000000044,3.19
83,kamenskoye,,,,,,,,
84,labutta,,,,,,,,
85,barrow,US,2023-04-14 11:24:40,71.2906,-156.7887,0,84,-12.71200000000001,3.6
86,alugan,PH,2023-04-14 11:28:01,12.2188,125.4808,10,86,80.16799999999998,2.75
87,albany,US,2023-04-14 11:27:04,42.6001,-73.9662,100,34,80.07799999999997,0.89
88,tabas,IR,2023-04-14 11:28:02,33.5959,56.9244,0,14,76.1,6.69
89,kalevala,RU,2023-04-14 11:28:02,65.2,31.1667,1,74,34.79000000000002,2.08
90,khatanga,RU,2023-04-14 11:28:03,71.9667,102.5,43,96,-14.925999999999988,2.64
91,saint-philippe,RE,2023-04-14 11:28:03,-21.3585,55.7679,100,84,82.25600000000003,0.86
92,nova olinda do norte,BR,2023-04-14 11:28:03,-3.8881,-59.0942,100,81,83.40800000000002,1.18
93,arraial do cabo,BR,2023-04-14 11:28:03,-22.9661,-42.0278,20,78,88.03399999999999,6.17
94,vanimo,PG,2023-04-14 11:28:03,-2.6741,141.3028,82,88,79.01600000000002,3.54
95,torbay,CA,2023-04-14 11:28:03,47.6666,-52.7314,75,87,41.01799999999999,5.66
96,jamestown,US,2023-04-14 11:27:00,42.097,-79.2353,0,33,77.28800000000004,1.34
97,tiksi,RU,2023-04-14 11:28:04,71.6872,128.8694,28,98,4.369999999999958,2.97
98,hagi,JP,2023-04-14 11:28:04,34.4,131.4167,100,94,55.219999999999956,4.13
99,faanui,PF,2023-04-14 11:28:04,-16.4833,-151.75,41,74,80.43800000000005,3.78
100,seoul,KR,2023-04-14 11:19:29,37.5683,126.9778,0,88,56.858000000000004,1.54
101,sioux lookout,CA,2023-04-14 11:28:04,50.1001,-91.917,100,81,37.742,4.12
102,beidao,CN,2023-04-14 11:28:04,34.5686,105.8933,7,56,53.492,1.85
103,la quinta,US,2023-04-14 11:26:04,33.6634,-116.31,0,48,62.52799999999996,6.69
104,bonthe,SL,2023-04-14 11:28:05,7.5264,-12.505,63,57,89.56400000000004,5.73
105,portland,US,2023-04-14 11:28:05,45.5234,-122.6762,20,90,45.23000000000004,0.89
106,jumla,NP,2023-04-14 11:28:05,29.2747,82.1838,99,54,54.608000000000004,2
107,upernavik,GL,2023-04-14 11:28:05,72.7868,-56.1549,98,75,20.516000000000005,2.94
108,itoman,JP,2023-04-14 11:28:05,26.1247,127.6694,75,96,74.44399999999997,6.69
109,margate,GB,2023-04-14 11:28:05,51.3813,1.3862,99,73,50.14399999999998,1.34
110,foam lake,CA,2023-04-14 11:28:06,51.65,-103.5343,100,100,34.088000000000044,3.38
111,najran,SA,2023-04-14 11:26:22,17.4924,44.1277,62,78,83.31799999999998,7.11
112,havelock,US,2023-04-14 11:28:06,34.8791,-76.9013,100,89,66.46999999999997,0.89
113,barentsburg,,,,,,,,
114,bagh,IN,2023-04-14 11:28:06,22.3667,74.7667,30,18,93.86600000000001,2.5
115,puerto ayora,EC,2023-04-14 11:28:07,-0.7393,-90.3518,84,86,88.03399999999999,2.68
116,yellowknife,CA,2023-04-14 11:28:07,62.456,-114.3525,75,80,23.82799999999996,6.17
117,kaitangata,NZ,2023-04-14 11:28:07,-46.2817,169.8464,7,93,47.641999999999996,3.18
118,vestmannaeyjar,IS,2023-04-14 11:28:07,63.4427,-20.2734,0,46,51.25999999999998,6.17
119,ixtapa,MX,2023-04-14 11:28:07,20.7,-105.2,75,64,69.29600000000005,0
120,kegayli,,,,,,,,
121,vila,PT,2023-04-14 11:28:08,42.0304,-8.1588,97,84,56.96600000000001,4.08
122,tanete,ID,2023-04-14 11:28:09,-3.9443,119.7848,100,87,78.31400000000004,0.97
123,diamantino,BR,2023-04-14 11:25:32,-14.4086,-56.4461,46,65,85.58599999999997,2.81
124,santa isabel,BR,2023-04-14 11:28:09,-23.3156,-46.2214,85,76,76.226,1.14
125,ribeira grande,PT,2023-04-14 11:28:09,38.5167,-28.7,75,82,65.066,8.05
126,amderma,,,,,,,,
127,maykor,RU,2023-04-14 11:28:09,59.0059,55.88,4,52,26.617999999999984,3.94
128,am timan,TD,2023-04-14 11:28:10,11.0297,20.2827,4,16,103.02799999999996,1.53
129,makakilo city,US,2023-04-14 11:28:10,21.3469,-158.0858,0,78,72.19399999999997,2.57
130,calama,CL,2023-04-14 11:28:10,-22.4667,-68.9333,0,13,66.95600000000003,2.06
131,sur,OM,2023-04-14 11:28:10,22.5667,59.5289,35,45,88.28599999999997,1.75
132,los llanos de aridane,ES,2023-04-14 11:28:10,28.6585,-17.9182,75,60,66.21799999999999,5.66
133,dikson,RU,2023-04-14 11:28:11,73.5069,80.5464,34,100,-9.72400000000001,4.22
134,vangaindrano,MG,2023-04-14 11:28:11,-23.35,47.6,3,85,76.208,2.88
135,uddiawan,PH,2023-04-14 11:28:11,16.5589,121.1512,84,95,75.07400000000001,1.33
136,nong bua,TH,2023-04-14 11:28:12,15.8646,100.5858,99,42,92.15600000000003,5.04
137,gulshat,,,,,,,,
138,savalou,BJ,2023-04-14 11:28:16,7.9281,1.9756,100,30,100.30999999999999,1.33
139,grand gaube,MU,2023-04-14 11:28:16,-20.0064,57.6608,84,79,81.26600000000002,3.14
140,saldanha,ZA,2023-04-14 11:28:16,-33.0117,17.9442,26,65,68.32400000000001,10.24
141,formoso do araguaia,,,,,,,,
142,saryshagan,,,,,,,,
143,nepalganj,,,,,,,,
144,mogadishu,SO,2023-04-14 11:28:19,2.0371,45.3438,20,74,86.14399999999998,6.17
145,norman wells,CA,2023-04-14 11:28:19,65.282,-126.8329,100,85,8.906000000000027,4.63
146,saint george,US,2023-04-14 11:28:20,37.1041,-113.5841,0,39,54.69800000000002,0.89
147,ukmerge,LT,2023-04-14 11:28:20,55.25,24.75,99,76,54.95,6.23
148,carnarvon,AU,2023-04-14 11:28:20,-24.8667,113.6333,3,52,68.03599999999997,13.86
149,coquimbo,CL,2023-04-14 11:24:06,-29.9533,-71.3436,0,68,68.0,3.6
150,souillac,MU,2023-04-14 11:28:20,-20.5167,57.5167,75,83,81.24800000000002,0
151,sinkat,,,,,,,,
152,pangnirtung,CA,2023-04-14 11:28:21,66.1451,-65.7125,75,67,17.86999999999996,0
153,vostok,RU,2023-04-14 11:28:21,46.4856,135.8833,24,86,23.666000000000007,1.57
154,mys shmidta,,,,,,,,
155,mahibadhoo,MV,2023-04-14 11:28:24,3.7833,72.9667,53,71,84.36199999999997,2.86
156,rio gallegos,AR,2023-04-14 11:28:24,-51.6226,-69.2181,75,49,48.524000000000015,10.29
157,bengkulu,ID,2023-04-14 11:28:24,-3.8004,102.2655,100,82,79.592,2.02
158,bethel,US,2023-04-14 11:23:57,41.3712,-73.414,0,30,88.68200000000002,1.54
159,puerto escondido,MX,2023-04-14 11:28:25,15.85,-97.0667,0,58,87.09800000000003,0
160,mar del plata,AR,2023-04-14 11:28:25,-38.0023,-57.5575,75,59,59.09000000000002,2.24
161,taihe,CN,2023-04-14 11:28:25,30.8712,105.3845,100,47,69.25999999999999,1.46
162,bolobo,CD,2023-04-14 11:28:26,-2.1667,16.2333,86,57,86.99000000000002,1.85
163,zacualpan,MX,2023-04-14 11:28:26,21.25,-105.1667,99,31,67.892,0.94
164,touros,BR,2023-04-14 11:28:26,-5.1989,-35.4608,94,67,85.02799999999996,5.37
165,shambu,ET,2023-04-14 11:28:27,9.5667,37.1,80,42,67.90999999999998,2.04
166,veraval,IN,2023-04-14 11:28:27,20.9,70.3667,0,70,80.618,6.36
167,pervomayskiy,RU,2023-04-14 11:28:27,53.2485,40.2871,100,36,43.51999999999996,9.12
168,ayan,RU,2023-04-14 11:28:27,56.45,138.1667,100,92,24.998000000000026,4.86
169,bondo,CD,2023-04-14 11:28:28,3.8146,23.6866,68,71,80.50999999999999,1.57
170,la paz,BO,2023-04-14 11:28:28,-16.5,-68.15,40,41,59.846000000000046,3.09
171,husavik,IS,2023-04-14 11:28:28,66.0449,-17.3389,100,99,36.57200000000004,2.46
172,mogok,MM,2023-04-14 11:28:28,22.9167,96.5,5,27,73.13000000000005,1.41
173,chunskiy,RU,2023-04-14 11:28:28,56.0815,99.6342,98,74,35.851999999999975,3.04
174,castro,BR,2023-04-14 11:28:28,-24.7911,-50.0119,100,94,64.058,1.78
175,bontang,ID,2023-04-14 11:27:07,0.1333,117.5,95,84,80.56400000000004,1.07
176,lucapa,AO,2023-04-14 11:28:29,-8.4192,20.7447,98,87,73.85,1.78
177,bonavista,CA,2023-04-14 11:28:29,48.6499,-53.1147,100,99,32.26999999999996,5.81
178,port macquarie,AU,2023-04-14 11:28:30,-31.4333,152.9167,1,86,54.158,3.23
179,khasan,RU,2023-04-14 11:28:30,42.4308,130.6434,53,60,42.674000000000014,2.44
180,kununurra,AU,2023-04-14 11:23:32,-15.7667,128.7333,75,94,79.05199999999998,2.57
181,port elizabeth,ZA,2023-04-14 11:28:30,-33.918,25.5701,75,91,63.37400000000001,8.23
182,salalah,OM,2023-04-14 11:28:30,17.0151,54.0924,0,70,86.35999999999999,4.63
183,surgut,RU,2023-04-14 11:28:30,61.25,73.4167,0,55,5.449999999999999,2
184,sao mateus,BR,2023-04-14 11:28:31,-18.7161,-39.8589,99,47,90.05000000000001,3.14
185,tabiauea,,,,,,,,
186,jose bonifacio,BR,2023-04-14 11:28:31,-21.0528,-49.6883,85,76,80.13200000000002,1.35
187,ovalle,CL,2023-04-14 11:28:32,-30.5983,-71.2003,0,51,69.74600000000005,1.79
188,nortelandia,BR,2023-04-14 11:28:32,-14.4547,-56.8028,33,62,86.93599999999998,2.35
189,praia,CV,2023-04-14 11:28:32,14.9215,-23.5087,79,61,83.20999999999998,10.29
190,linxia,CN,2023-04-14 11:28:33,35.6003,103.2064,80,45,49.49600000000005,0.48
191,laguna,US,2023-04-14 11:24:44,38.421,-121.4238,0,76,54.35600000000003,4.12
192,el banco,CO,2023-04-14 11:27:26,9.0011,-73.9758,100,56,91.47200000000004,0.37
193,mokhsogollokh,RU,2023-04-14 11:28:33,61.4681,128.9203,99,98,6.169999999999959,1.22
194,narsaq,GL,2023-04-14 11:28:33,60.9167,-46.05,89,69,50.48599999999997,4.6
195,nanortalik,GL,2023-04-14 11:28:33,60.1432,-45.2371,100,69,38.69600000000005,2.79
196,sumbawa,,,,,,,,
197,antsohihy,MG,2023-04-14 11:28:34,-14.8796,47.9875,6,90,76.67599999999999,1.74
198,nome,US,2023-04-14 11:28:34,64.5011,-165.4064,20,71,2.4259999999999877,5.66
199,nizhniy baskunchak,RU,2023-04-14 11:28:34,48.2198,46.8311,100,80,53.34800000000003,7.22
200,severo-kurilsk,RU,2023-04-14 11:28:34,50.6789,156.125,100,97,33.25999999999998,6.19
201,hobart,AU,2023-04-14 11:25:30,-42.8794,147.3294,100,82,54.319999999999965,4.12
202,esperance,AU,2023-04-14 11:28:34,-33.8667,121.9,99,60,57.88399999999999,12.43
203,merauke,ID,2023-04-14 11:28:35,-8.4667,140.3333,100,79,80.54600000000005,1.06
204,haines junction,CA,2023-04-14 11:28:36,60.7522,-137.5108,100,80,25.01600000000001,0.51
205,kruisfontein,ZA,2023-04-14 11:28:36,-34.0033,24.7314,72,66,61.15999999999998,8.64
206,nevelsk,RU,2023-04-14 11:28:36,46.6733,141.8633,72,79,32.26999999999996,1.51
207,kodiak,US,2023-04-14 11:28:37,57.79,-152.4072,100,74,31.783999999999992,4.63
208,nikolskoye,RU,2023-04-14 11:28:37,59.7035,30.7861,99,35,48.36199999999995,3.97
209,biltine,TD,2023-04-14 11:28:37,14.5333,20.9167,77,10,102.308,3.89
210,aksarka,RU,2023-04-14 11:28:37,66.5606,67.7975,100,96,21.416000000000007,1.59
211,nguiu,,,,,,,,
212,tuatapere,NZ,2023-04-14 11:28:37,-46.1333,167.6833,2,91,50.70199999999998,1.52
213,sistranda,NO,2023-04-14 11:28:37,63.7256,8.834,100,68,46.63399999999999,10.65
214,banamba,ML,2023-04-14 11:28:38,13.55,-7.45,47,8,105.58399999999999,5.99
215,berlevag,NO,2023-04-14 11:28:38,70.8578,29.0864,0,60,35.86999999999996,7.2
216,drumheller,CA,2023-04-14 11:28:38,51.4617,-112.7101,7,74,38.33599999999997,2.57
217,ancud,CL,2023-04-14 11:28:38,-41.8697,-73.8203,39,64,53.79800000000003,0.56
218,antofagasta,CL,2023-04-14 11:25:50,-23.65,-70.4,33,65,67.55000000000001,4.49
219,kainantu,PG,2023-04-14 11:28:38,-6.2887,145.8655,100,97,59.684,1.66
220,kidal,ML,2023-04-14 11:28:38,18.4411,1.4078,74,7,101.516,5.35
221,sortavala,RU,2023-04-14 11:28:39,61.7053,30.6918,10,85,33.458000000000006,4.14
222,luanda,AO,2023-04-14 11:28:39,-8.8368,13.2343,20,58,89.86999999999996,4.63
223,hlotse,LS,2023-04-14 11:28:39,-28.8718,28.045,97,24,64.09399999999997,5.01
224,itarema,BR,2023-04-14 11:28:39,-2.9248,-39.9167,97,76,83.62400000000002,5.15
225,shumyachi,RU,2023-04-14 11:28:39,53.8583,32.4242,100,47,48.469999999999956,5.41
226,samusu,,,,,,,,
227,skibbereen,IE,2023-04-14 11:28:39,51.55,-9.2667,8,56,54.37400000000001,6.22
228,ahumada,,,,,,,,
229,belaya gora,RU,2023-04-14 11:28:40,68.5333,146.4167,98,97,2.930000000000039,1.15
230,aldan,RU,2023-04-14 11:28:40,58.6031,125.3894,98,96,12.451999999999973,1.91
231,vila franca do campo,PT,2023-04-14 11:28:40,37.7167,-25.4333,9,72,65.084,4.28
232,porto walter,BR,2023-04-14 11:28:40,-8.2686,-72.7439,99,88,81.392,1.15
233,aswan,EG,2023-04-14 11:28:41,24.0934,32.907,25,11,89.34800000000003,4.44
234,leningradskiy,RU,2023-04-14 11:28:41,69.3833,178.4167,44,95,-13.287999999999997,2.72
235,avarua,CK,2023-04-14 11:28:41,-21.2078,-159.775,75,88,71.924,1.03
236,dolinsk,RU,2023-04-14 11:28:42,47.35,142.8,19,88,28.885999999999967,2.99
237,sarangani,PH,2023-04-14 11:28:44,5.4033,125.4636,6,68,83.56999999999996,0.86
238,clyde river,CA,2023-04-14 11:28:44,70.4692,-68.5914,40,66,9.10399999999995,2.57
239,cidreira,BR,2023-04-14 11:28:44,-30.1811,-50.2056,100,71,68.14399999999998,3.97
240,dubbo,AU,2023-04-14 11:28:44,-32.25,148.6167,3,82,57.596000000000046,4.12
241,khandbari,NP,2023-04-14 11:28:44,27.3747,87.2039,99,25,75.01999999999995,1.24
242,yafran,LY,2023-04-14 11:28:44,32.0633,12.5286,99,40,63.14000000000002,7.06
243,pevek,RU,2023-04-14 11:28:44,69.7008,170.3133,85,100,-12.100000000000001,3.86
244,olinda,BR,2023-04-14 11:28:45,-8.0089,-34.8553,40,62,86.0,4.63
245,gamba,GA,2023-04-14 11:28:45,-2.65,10,71,69,85.02799999999996,3.79
246,nchelenge,ZM,2023-04-14 11:28:45,-9.3451,28.734,98,81,75.25399999999996,1.14
247,amapa,BR,2023-04-14 11:24:03,1,-52,87,91,80.79800000000003,1.79
248,mutsamudu,,,,,,,,
249,klaksvik,FO,2023-04-14 11:28:46,62.2266,-6.589,99,86,43.98800000000004,5.68
250,albanel,CA,2023-04-14 11:28:47,48.8832,-72.4487,85,60,39.61400000000003,2.57
251,singaraja,ID,2023-04-14 11:28:47,-8.112,115.0882,100,85,80.11400000000003,1.68
252,jawhar,SO,2023-04-14 11:28:47,2.7809,45.5005,100,47,86.54000000000002,7.62
253,hokitika,NZ,2023-04-14 11:28:47,-42.7167,170.9667,0,74,53.05999999999998,3.81
254,kochkurovo,RU,2023-04-14 11:28:47,54.0358,45.4184,100,30,37.79600000000005,9.99
255,satitoa,,,,,,,,
256,hihifo,,,,,,,,
257,great falls,US,2023-04-14 11:28:25,47.5002,-111.3008,100,88,30.685999999999968,4.12
258,umzimvubu,,,,,,,,
259,panaba,MX,2023-04-14 11:28:48,21.2833,-88.2667,96,50,86.19800000000004,4.97
260,thunder bay,CA,2023-04-14 11:27:05,48.4001,-89.3168,40,75,43.05199999999998,7.2
261,biloela,AU,2023-04-14 11:28:48,-24.4167,150.5,70,57,61.538000000000046,1.59
262,karkaralinsk,,,,,,,,
263,westport,US,2023-04-14 11:28:48,41.1415,-73.3579,71,35,87.81799999999998,3.13
264,shimoda,JP,2023-04-14 11:28:49,34.6667,138.95,100,65,60.36799999999998,2.73
265,dunedin,NZ,2023-04-14 11:26:33,-45.8742,170.5036,6,86,55.07599999999999,3.58
266,cherskiy,RU,2023-04-14 11:28:49,68.75,161.3,26,91,-1.7320000000000206,3.92
267,longyearbyen,SJ,2023-04-14 11:28:49,78.2186,15.6401,40,80,33.908,0.51
268,mandera,KE,2023-04-14 11:28:49,3.9366,41.867,74,30,95.45,0.79
269,bosaso,SO,2023-04-14 11:28:49,11.2842,49.1816,41,69,85.04600000000005,2.38
270,ghanzi,BW,2023-04-14 11:28:50,-21.5667,21.7833,11,20,89.78000000000004,1.59
271,college,US,2023-04-14 11:28:50,64.8569,-147.8028,75,81,3.4160000000000075,2.57
272,nogales,MX,2023-04-14 11:25:41,31.3086,-110.9422,0,41,57.63200000000002,6.17
273,kahta,TR,2023-04-14 11:28:50,37.7855,38.6237,40,58,58.71199999999996,3.09
274,puerto del rosario,ES,2023-04-14 11:27:21,28.5004,-13.8627,20,64,69.81799999999998,7.72
275,van buren,US,2023-04-14 11:28:50,35.4368,-94.3483,0,61,70.44800000000004,2.68
276,tautira,PF,2023-04-14 11:28:50,-17.7333,-149.15,20,64,80.09600000000006,2.34
277,gravdal,NO,2023-04-14 11:28:50,68.1214,13.5031,10,61,40.351999999999975,5.25
278,sexsmith,CA,2023-04-14 11:28:51,55.35,-118.786,40,51,35.22200000000004,3.09
279,iqaluit,CA,2023-04-14 11:28:51,63.7506,-68.5145,20,68,23.0,5.14
280,tsihombe,,,,,,,,
281,yumen,CN,2023-04-14 11:28:52,40.2833,97.2,100,24,53.94199999999999,9.54
282,coahuayana,MX,2023-04-14 11:28:52,18.7333,-103.6833,0,23,82.868,0.4
283,cascais,PT,2023-04-14 11:28:52,38.6979,-9.4215,40,65,69.78200000000001,11.32
284,male,MV,2023-04-14 11:28:52,4.1748,73.5089,75,79,86.21600000000001,2.06
285,el alto,PE,2023-04-14 11:28:53,-4.2714,-81.2147,99,67,84.12799999999996,1.72
286,hasaki,JP,2023-04-14 11:28:53,35.7333,140.8333,100,79,62.492,8.5
287,paamiut,GL,2023-04-14 11:28:53,61.994,-49.6678,98,73,35.47400000000001,3.12
288,sinegorye,RU,2023-04-14 11:28:53,62.0788,150.477,100,82,4.406000000000027,0.87
289,yatou,CN,2023-04-14 11:28:54,37.15,122.3833,100,86,52.39399999999998,2.91
290,zhuhai,CN,2023-04-14 11:28:54,22.2769,113.5678,20,88,79.12400000000002,1.54
291,ponta delgada,PT,2023-04-14 11:28:54,37.7333,-25.6667,20,72,65.39000000000001,6.17
292,saint anthony,US,2023-04-14 11:28:54,45.0205,-93.218,0,43,73.41799999999998,6.17
293,mecca,SA,2023-04-14 11:28:54,21.4267,39.8261,1,49,87.11600000000001,8.23
294,hervey bay,AU,2023-04-14 11:28:54,-25.2986,152.8535,9,66,70.68200000000002,2.91
295,san-pedro,CI,2023-04-14 11:28:55,4.7485,-6.6363,71,65,87.566,4.76
296,stege,DK,2023-04-14 11:28:55,54.987,12.2846,100,95,46.32799999999996,4.93
297,grand river south east,,,,,,,,
298,bambous virieux,MU,2023-04-14 11:28:56,-20.3428,57.7575,75,83,81.12200000000004,0
299,vardo,NO,2023-04-14 11:28:56,70.3705,31.1107,7,64,34.05199999999998,8.75
300,guerrero negro,MX,2023-04-14 11:27:27,27.9769,-114.0611,100,59,58.1,5.52
301,rosetta,EG,2023-04-14 11:28:56,31.4044,30.4164,86,63,66.10999999999999,5.88
302,gat,IL,2023-04-14 11:28:57,31.61,34.7642,32,23,72.66199999999995,5.7
303,ducheng,CN,2023-04-14 11:28:58,23.2373,111.5317,6,88,77.234,0.96
304,acapulco,MX,2023-04-14 11:28:09,16.8634,-99.8901,20,47,82.49000000000002,1.54
305,savelugu,GH,2023-04-14 11:28:58,9.6244,-0.8253,48,20,105.242,1.01
306,thinadhoo,MV,2023-04-14 11:28:58,0.5333,72.9333,97,74,82.79600000000005,2.47
307,karaul,,,,,,,,
308,nuevitas,CU,2023-04-14 11:28:58,21.5453,-77.2644,100,67,82.58000000000004,4.13
309,albi,FR,2023-04-14 11:28:59,43.9298,2.148,100,74,59.774000000000015,5.81
310,arawa,PG,2023-04-14 11:28:59,-6.2132,155.5367,100,93,77.88200000000002,2.34
311,richard toll,,,,,,,,
312,esso,RU,2023-04-14 11:28:59,55.9333,158.7,92,97,17.33000000000004,1.76
313,kuche,,,,,,,,
314,adrar,MR,2023-04-14 11:28:59,20.5022,-10.0711,11,11,95.52200000000005,2.42
315,kathmandu,NP,2023-04-14 11:25:34,27.7167,85.3167,75,53,74.10199999999998,0.89
316,bubaque,GW,2023-04-14 11:28:59,11.2833,-15.8333,13,76,78.13399999999999,5.84
317,polson,US,2023-04-14 11:28:59,47.6936,-114.1632,100,83,36.98599999999997,0.96
318,sitka,US,2023-04-14 11:29:00,57.0531,-135.33,40,87,37.561999999999955,0
319,taltal,CL,2023-04-14 11:29:00,-25.4,-70.4833,0,64,70.34000000000003,2.58
320,ola,RU,2023-04-14 11:29:00,59.5833,151.2833,100,82,21.416000000000007,7.99
321,naze,JP,2023-04-14 11:29:00,28.3667,129.4833,47,93,69.18800000000005,3.87
322,viedma,AR,2023-04-14 11:29:00,-40.8135,-62.9967,12,32,60.61999999999996,4.4
323,lavrentiya,RU,2023-04-14 11:29:00,65.5833,-171,5,86,-4.521999999999984,5.06
324,foumbot,CM,2023-04-14 11:29:01,5.5079,10.6356,80,53,81.44600000000005,3.65
325,hirara,JP,2023-04-14 11:29:01,24.8,125.2833,100,100,75.74000000000002,5.14
326,changqing,CN,2023-04-14 11:29:01,36.5575,116.7272,55,25,57.88399999999999,1.84
327,wanning,CN,2023-04-14 11:29:01,18.8003,110.3967,34,95,76.69399999999997,2.48
328,igurusi,TZ,2023-04-14 11:29:02,-8.85,33.85,97,88,71.05999999999997,0.29
329,farafenni,GM,2023-04-14 11:29:02,13.5667,-15.6,10,11,109.09399999999998,5.18
330,gafanha da encarnacao,PT,2023-04-14 11:29:02,40.6181,-8.733,100,92,64.04000000000002,6.52
331,morgan city,US,2023-04-14 11:29:03,29.6994,-91.2068,20,63,76.28000000000004,2.74
332,asyut,EG,2023-04-14 11:29:03,27.181,31.1837,100,11,83.94800000000004,3.04
333,omagh,GB,2023-04-14 11:29:04,54.6,-7.3,61,69,50.70199999999998,5.14
334,belushya guba,,,,,,,,
335,kavieng,PG,2023-04-14 11:29:05,-2.5744,150.7967,100,80,82.66999999999996,5.85
336,kamenka,RU,2023-04-14 11:29:05,51.3223,42.7678,100,76,38.15600000000003,9.39
337,aflu,,,,,,,,
338,manono,CD,2023-04-14 11:29:05,-7.3,27.4167,72,83,79.10600000000002,1.7
339,jacqueville,CI,2023-04-14 11:29:05,5.2052,-4.4146,100,77,83.62400000000002,4.24
340,jiddah,,,,,,,,
341,gigmoto,PH,2023-04-14 11:29:06,13.7796,124.39,33,88,80.18599999999998,2.41
342,taga dzong,,,,,,,,
343,vankleek hill,CA,2023-04-14 11:29:06,45.5168,-74.6493,35,56,64.45399999999995,4.46
344,ambulu,ID,2023-04-14 11:29:06,-8.345,113.6058,100,86,77.16199999999995,0.99
345,kattivakkam,IN,2023-04-14 11:29:06,13.2167,80.3167,80,69,89.95999999999998,5.63
346,brae,GB,2023-04-14 11:29:07,60.3964,-1.353,63,82,47.06600000000001,9.46
347,palasa,IN,2023-04-14 11:29:07,18.7667,84.4167,46,55,84.326,3.6
348,provideniya,RU,2023-04-14 11:29:07,64.3833,-173.3,3,79,-0.832000000000015,3.59
349,richards bay,ZA,2023-04-14 11:29:07,-28.783,32.0377,85,63,72.37400000000002,8.29
350,north platte,US,2023-04-14 11:29:07,41.1239,-100.7654,100,64,49.64000000000002,14.75
351,sao lourenco do oeste,BR,2023-04-14 11:28:01,-26.3592,-52.8511,78,79,70.39399999999998,1.86
352,marv dasht,,,,,,,,
353,maldonado,UY,2023-04-14 11:29:08,-34.6667,-54.9167,46,43,61.50199999999998,3.42
354,dutlwe,BW,2023-04-14 11:29:08,-23.9833,23.9,0,11,83.89399999999998,5.25
355,tiznit,MA,2023-04-14 11:29:08,29.5833,-9.5,0,34,77.26999999999995,4.1
356,carballo,ES,2023-04-14 11:29:08,43.213,-8.691,84,77,66.18200000000002,4.88
357,taoudenni,ML,2023-04-14 11:29:08,22.6783,-3.9836,0,5,99.28399999999999,4.22
358,mayumba,GA,2023-04-14 11:29:09,-3.432,10.6554,38,82,82.77799999999996,3.23
359,santa eulalia del rio,,,,,,,,
360,honiara,SB,2023-04-14 11:29:09,-9.4333,159.95,100,89,78.06199999999995,1.16
361,progreso,MX,2023-04-14 11:29:09,21.2833,-89.6667,81,54,86.37799999999996,4.93
362,marcona,,,,,,,,
363,dabat,ET,2023-04-14 11:29:09,12.9842,37.765,86,45,66.27200000000005,4.64
364,aguadilla,PR,2023-04-14 11:29:10,18.4275,-67.1541,40,74,87.368,7.2
365,rincon,US,2023-04-14 11:29:10,32.296,-81.2354,75,68,78.13399999999999,0
366,port hedland,AU,2023-04-14 11:29:10,-20.3167,118.5667,92,57,79.12400000000002,5.14
367,palmer,US,2023-04-14 11:29:11,42.1584,-72.3287,65,35,87.368,0.89
368,chuy,UY,2023-04-14 11:29:11,-33.6971,-53.4616,70,46,65.11999999999996,3.66
369,solenzo,BF,2023-04-14 11:29:11,12.1833,-4.0833,34,17,104.70199999999998,2.91
370,shangqiu,CN,2023-04-14 11:29:11,34.45,115.65,8,53,57.524000000000015,3.4
371,hofn,IS,2023-04-14 11:29:12,64.2539,-15.2082,20,81,43.088000000000044,2.06
372,papar,MY,2023-04-14 11:29:12,5.7333,115.9333,60,85,84.46999999999997,0.44
373,la concordia,NI,2023-04-14 11:29:13,13.1953,-86.1667,95,48,78.584,3.77
374,sarapul,RU,2023-04-14 11:29:13,56.4763,53.7978,0,30,31.388000000000044,7.36
375,ilulissat,GL,2023-04-14 11:29:13,69.2167,-51.1,20,74,32.288000000000046,2.06
376,batagay-alyta,RU,2023-04-14 11:29:13,67.8006,130.4114,7,87,-2.8660000000000068,3.06
377,bolungarvik,,,,,,,,
378,keetmanshoop,NA,2023-04-14 11:29:14,-26.5833,18.1333,9,18,80.58200000000002,4.32
379,sao filipe,CV,2023-04-14 11:29:14,14.8961,-24.4956,82,76,75.90199999999999,3.31
380,kalaleh,IR,2023-04-14 11:29:15,37.3807,55.4916,40,52,69.674,2.06
381,parana,AR,2023-04-14 11:29:15,-31.732,-60.5238,69,54,67.83800000000005,4.09
382,lokosovo,RU,2023-04-14 11:29:15,61.1333,74.8167,77,92,3.4519999999999733,3.01
383,dzhebariki-khaya,RU,2023-04-14 11:29:16,62.2167,135.8,100,98,20.62400000000001,0.65
384,feicheng,CN,2023-04-14 11:29:16,35.2606,117.9675,8,50,57.25399999999995,1.34
385,priupskiy,RU,2023-04-14 11:29:17,53.9096,37.736,100,35,43.682000000000016,7.85
386,moose factory,CA,2023-04-14 11:29:18,51.2585,-80.6094,100,80,28.66999999999996,4.12
387,bilibino,RU,2023-04-14 11:29:18,68.0546,166.4372,58,100,-14.404000000000003,1.86
388,redmond,US,2023-04-14 11:28:03,47.674,-122.1215,100,91,45.788000000000046,0.89
389,mandla,IN,2023-04-14 11:29:18,22.6,80.3833,100,26,88.62799999999996,0.9
390,afmadu,,,,,,,,
391,muros,ES,2023-04-14 11:29:18,42.7762,-9.0603,78,63,65.40800000000002,5.83
392,lhokseumawe,ID,2023-04-14 11:29:19,5.1801,97.1507,59,83,81.53599999999997,3.72
393,kiruna,SE,2023-04-14 11:29:19,67.8557,20.2251,0,35,36.788000000000046,4.63
394,san quintin,MX,2023-04-14 11:29:20,30.4833,-115.95,84,60,56.101999999999975,3.62
395,burkhala,,,,,,,,
396,kalianget,ID,2023-04-14 11:29:21,-7.05,113.9333,100,79,80.86999999999996,2.38
397,hazorasp,UZ,2023-04-14 11:29:21,41.3194,61.0742,89,36,69.90800000000002,5.97
398,high level,CA,2023-04-14 11:29:22,58.5169,-117.136,75,64,34.17799999999996,4.63
399,sentyabrskiy,,,,,,,,
400,makung,,,,,,,,
401,srednekolymsk,RU,2023-04-14 11:29:23,67.45,153.6833,14,93,-3.694000000000024,1.59
402,axim,GH,2023-04-14 11:29:23,4.8699,-2.2405,100,68,86.558,4.17
403,galveston,US,2023-04-14 11:29:23,29.3669,-94.9669,0,75,79.32200000000003,5.66
404,avera,US,2023-04-14 11:29:24,33.194,-82.5271,37,72,71.816,2.59
405,abha,SA,2023-04-14 11:29:24,18.2164,42.5053,75,42,64.92200000000004,5.14
406,port augusta,AU,2023-04-14 11:26:22,-32.5,137.7667,100,90,60.943999999999974,8.06
407,angoche,MZ,2023-04-14 11:29:24,-16.2325,39.9086,4,79,79.37599999999999,2.42
408,vestmanna,FO,2023-04-14 11:29:24,62.1564,-7.1664,75,87,42.188000000000045,3.09
409,manaure,CO,2023-04-14 11:29:24,11.7751,-72.4445,44,56,85.45999999999998,7.15
410,tunduru,,,,,,,,
411,matay,EG,2023-04-14 11:29:25,28.419,30.7792,24,15,83.80399999999995,3.58
412,maralal,KE,2023-04-14 11:29:25,1.0968,36.698,95,65,67.26199999999996,5.04
413,goiatuba,BR,2023-04-14 11:29:25,-18.0125,-49.3547,100,73,78.42200000000004,1.82
414,gold coast,AU,2023-04-14 11:26:13,-28,153.4333,1,79,68.342,3.6
415,zhaotong,CN,2023-04-14 11:29:26,27.3167,103.7167,100,85,55.77799999999996,2.4
416,tumannyy,,,,,,,,
417,pryozerne,UA,2023-04-14 11:29:26,45.2698,36.3303,100,72,54.57200000000004,5.31
418,trofors,NO,2023-04-14 11:29:27,65.5333,13.4063,83,86,44.74399999999997,3.21
419,las palmas,ES,2023-04-14 11:29:27,28.4204,-14.0131,20,64,67.26199999999996,7.72
420,marquette,US,2023-04-14 11:29:28,46.5333,-87.6335,6,43,69.04399999999998,2.68
421,barcelos,PT,2023-04-14 11:29:28,41.5388,-8.6151,100,87,60.188000000000045,4.57
422,tuggurt,,,,,,,,
423,port blair,IN,2023-04-14 11:29:29,11.6667,92.75,98,73,81.89600000000004,3.04
424,bayir,TR,2023-04-14 11:29:29,37.2687,28.2167,100,62,63.391999999999996,5.42
425,yerbogachen,RU,2023-04-14 11:29:29,61.2767,108.0108,100,85,32.233999999999995,7.2
426,astoria,US,2023-04-14 11:29:29,46.1879,-123.8313,100,97,42.188000000000045,1.54
427,da nang,VN,2023-04-14 11:29:30,16.0678,108.2208,75,89,80.85199999999998,0
428,batemans bay,AU,2023-04-14 11:29:31,-35.7167,150.1833,24,92,60.36799999999998,1.96
429,whyalla,AU,2023-04-14 11:29:31,-33.0333,137.5833,100,86,63.17599999999999,9.32
430,pochutla,MX,2023-04-14 11:29:31,15.7432,-96.4661,0,47,86.09000000000003,2.15
431,sukhoy log,RU,2023-04-14 11:29:31,56.9094,62.0296,0,31,24.961999999999954,4.57
432,tucupita,VE,2023-04-14 11:29:31,9.0622,-62.051,100,42,93.27200000000005,2.46
433,soyo,AO,2023-04-14 11:29:32,-6.1349,12.3689,16,71,85.226,4.71
434,nelson,NZ,2023-04-14 11:28:32,-41.2833,173.2833,7,85,49.208000000000006,2.58
435,bastia,FR,2023-04-14 11:29:32,42.6667,9.3333,0,53,64.00399999999996,5.14
436,san cristobal,VE,2023-04-14 11:29:32,7.7669,-72.225,100,50,73.85,2.76
437,tamiahua,MX,2023-04-14 11:29:32,21.2667,-97.45,95,80,79.15999999999998,1.37
438,brownwood,US,2023-04-14 11:29:33,31.7093,-98.9912,100,71,71.18599999999998,5.66
439,pangkalanbuun,ID,2023-04-14 11:29:23,-2.6833,111.6167,100,92,76.87400000000002,1.18
440,severo-yeniseyskiy,RU,2023-04-14 11:29:33,60.3725,93.0408,91,100,-5.133999999999993,1.29
441,ginir,ET,2023-04-14 11:29:34,7.1333,40.7,100,75,62.88800000000005,0.96
442,chillicothe,US,2023-04-14 11:29:13,39.3331,-82.9824,75,38,70.51999999999995,3.09
443,baykit,RU,2023-04-14 11:29:35,61.67,96.37,69,98,-2.7400000000000233,1.55
444,dondukovskaya,RU,2023-04-14 11:29:35,44.8819,40.3627,67,65,52.79000000000002,10.96
445,tomatlan,MX,2023-04-14 11:29:35,19.9333,-105.25,63,24,80.25800000000001,0.43
446,zhigansk,RU,2023-04-14 11:29:35,66.7697,123.3711,10,97,8.977999999999962,3.64
447,cabo san lucas,MX,2023-04-14 11:29:35,22.8909,-109.9124,100,63,73.88599999999997,6.17
448,komsomolskiy,UZ,2023-04-14 11:29:35,40.4272,71.7189,100,53,72.59000000000003,2.06
449,ust-ilimsk,RU,2023-04-14 11:29:36,58.0006,102.6619,100,69,36.89600000000005,7.2
450,fortuna,US,2023-04-14 11:29:36,40.5982,-124.1573,20,97,43.19600000000005,1.12
451,yamada,JP,2023-04-14 11:29:36,39.4667,141.95,100,72,50.95399999999995,2.66
452,villa maria,AR,2023-04-14 11:29:36,-32.4075,-63.2402,100,62,60.09800000000003,1.82
453,humaita,BR,2023-04-14 11:29:36,-7.5061,-63.0208,97,55,91.02200000000005,1.52
454,naron,ES,2023-04-14 11:26:10,43.5167,-8.1528,72,85,63.82400000000001,6.57
455,lubango,AO,2023-04-14 11:29:36,-14.9172,13.4925,82,71,69.80000000000001,0.39
456,navalcarnero,ES,2023-04-14 11:29:36,40.2891,-4.012,97,46,68.71999999999997,6.46
457,sobotka,PL,2023-04-14 11:29:37,50.8999,16.7444,100,89,53.07799999999996,3.22
458,chicama,PE,2023-04-14 11:29:37,-7.8447,-79.1469,100,70,83.20999999999998,2.27
459,kula,TR,2023-04-14 11:29:38,38.5473,28.6498,90,41,64.958,4.36
460,florianopolis,BR,2023-04-14 11:29:38,-27.6146,-48.5012,100,98,70.68200000000002,5.14
461,rozivka,UA,2023-04-14 11:29:38,46.9385,35.7724,98,73,54.158,4.6
462,mount gambier,AU,2023-04-14 11:29:39,-37.8333,140.7667,100,48,67.00999999999999,7.14
463,takhli,TH,2023-04-14 11:29:39,15.2634,100.3438,100,45,90.01400000000004,6.12
464,pietermaritzburg,ZA,2023-04-14 11:29:39,-29.6168,30.3928,64,62,64.292,3.37
465,bharwari,IN,2023-04-14 11:29:39,25.55,81.5,100,13,94.81999999999996,2.97
466,hohhot,CN,2023-04-14 11:29:39,40.8106,111.6522,0,21,45.158,3
467,saint-augustin,CA,2023-04-14 11:29:39,51.226,-58.6502,74,49,43.088000000000044,8.18
468,isla vista,US,2023-04-14 11:29:40,34.4133,-119.861,20,75,57.61400000000003,0
469,anadyr,RU,2023-04-14 11:29:40,64.75,177.4833,0,75,-12.225999999999992,4
470,saleaula,,,,,,,,
471,roma,US,2023-04-14 11:29:40,43.2128,-75.4557,100,41,77.99000000000002,1.22
472,teya,RU,2023-04-14 11:29:40,60.3778,92.6267,92,100,-1.9299999999999926,1.24
473,urucara,BR,2023-04-14 11:29:40,-2.5364,-57.76,100,70,86.88200000000002,1.84
474,amga,RU,2023-04-14 11:29:40,60.8953,131.9608,100,97,22.60399999999995,1.25
475,tatsinskaya,,,,,,,,
476,san francisco,US,2023-04-14 11:27:16,37.7749,-122.4194,75,80,52.10600000000003,6.17
477,simao,CN,2023-04-14 11:29:41,22.7886,100.9748,0,23,70.64600000000004,0.27
478,tual,ID,2023-04-14 11:29:41,-5.6667,132.75,54,73,83.53399999999999,2.31
479,yar-sale,RU,2023-04-14 11:29:41,66.8333,70.8333,100,97,11.75,1.3
480,praya,CV,2023-04-14 11:27:30,14.9215,-23.5087,79,61,83.20999999999998,10.29
481,dakar,SN,2023-04-14 11:29:41,14.6937,-17.4441,0,57,97.95199999999998,8.75
482,nhulunbuy,AU,2023-04-14 11:29:41,-12.2333,136.7667,40,94,77.88200000000002,0
483,khormuj,,,,,,,,
484,presidente olegario,BR,2023-04-14 11:29:41,-18.4178,-46.4181,62,62,80.00600000000003,2.57
485,nizhneyansk,,,,,,,,
486,diu,IN,2023-04-14 11:29:42,20.7141,70.9822,0,53,82.184,6.8
487,mount pleasant,US,2023-04-14 11:27:02,32.7941,-79.8626,20,80,78.584,1.54
488,nava,MX,2023-04-14 11:29:42,28.4167,-100.7667,65,64,69.368,2.4
489,kandrian,PG,2023-04-14 11:29:43,-6.2167,149.55,90,88,77.48599999999996,2.83
490,tamboril,DO,2023-04-14 11:29:43,19.4854,-70.611,40,65,83.35399999999996,3.6
491,santo angelo,BR,2023-04-14 11:29:43,-28.2992,-54.2631,40,64,73.99399999999997,9.26
492,aljezur,PT,2023-04-14 11:29:43,37.3191,-8.8033,13,62,65.20999999999998,7.49
493,kudahuvadhoo,MV,2023-04-14 11:29:43,2.6708,72.8944,87,72,84.092,2.26
494,durango,MX,2023-04-14 11:25:20,24.8333,-104.8333,97,28,59.01799999999999,2.38
495,gergebil,RU,2023-04-14 11:29:44,42.5047,47.0661,70,71,52.37599999999999,2.3
496,sambava,MG,2023-04-14 11:29:44,-14.2667,50.1667,6,82,79.25,3.43
497,olsztyn,PL,2023-04-14 11:29:44,53.7799,20.4942,95,73,57.434,4.95
498,yokadouma,CM,2023-04-14 11:29:44,3.5167,15.05,99,78,76.40600000000003,1.58
499,nata,PA,2023-04-14 11:29:44,8.3333,-80.5167,81,45,89.74399999999997,8.01
500,ambovombe,MG,2023-04-14 11:29:44,-25.1667,46.0833,2,85,75.55999999999997,4.5
501,toppenish,US,2023-04-14 11:29:45,46.3774,-120.3087,13,61,44.61799999999998,1.71
502,rocha,UY,2023-04-14 11:27:26,-34.4833,-54.3333,38,44,63.446000000000055,3.7
503,namibe,AO,2023-04-14 11:29:45,-15.1961,12.1522,30,68,78.76400000000004,5.73
504,waingapu,ID,2023-04-14 11:29:45,-9.6567,120.2641,97,81,78.18800000000005,2.17
505,vila velha,BR,2023-04-14 11:29:45,-20.3297,-40.2925,20,66,91.61600000000001,4.63
506,impfondo,CG,2023-04-14 11:29:45,1.6381,18.0667,96,72,80.78000000000004,1.4
507,melfort,CA,2023-04-14 11:27:25,52.8667,-104.6177,100,75,35.99600000000005,1.54
508,saraland,US,2023-04-14 11:29:45,30.8207,-88.0706,0,64,73.83200000000002,2.35
509,east london,ZA,2023-04-14 11:29:45,-33.0153,27.9116,20,55,65.60600000000002,11.32
510,cuauhtemoc,MX,2023-04-14 11:29:45,28.4167,-106.8667,0,26,55.88599999999997,9.37
511,turukhansk,RU,2023-04-14 11:29:46,65.8167,87.9833,78,97,-16.18600000000002,3.14
512,esmeraldas,BR,2023-04-14 11:25:29,-19.7625,-44.3139,23,65,81.91400000000004,1.16
513,kuala terengganu,MY,2023-04-14 11:29:46,5.3302,103.1408,20,84,84.41600000000001,0.51
514,talcahuano,CL,2023-04-14 11:29:46,-36.7167,-73.1167,100,88,60.74600000000005,2.06
515,aklavik,CA,2023-04-14 11:29:46,68.2191,-135.0107,75,77,-3.7299999999999898,4.12
516,hamilton,US,2023-04-14 11:29:46,39.1834,-84.5333,100,54,74.28200000000001,1.54
517,toftir,,,,,,,,
518,san patricio,US,2023-04-14 11:29:47,28.017,-97.5169,92,75,78.15199999999999,7.21
519,pangody,RU,2023-04-14 11:29:47,65.85,74.4859,85,99,1.0759999999999863,1.97
520,olean,US,2023-04-14 11:25:50,42.0776,-78.4297,13,43,79.75399999999996,1.49
521,umm ruwabah,,,,,,,,
522,manta,EC,2023-04-14 11:29:47,-0.95,-80.7333,100,79,79.43000000000004,1.45
523,beirut,LB,2023-04-14 11:29:47,33.8889,35.4944,0,49,67.64000000000001,4.63
524,sabancuy,MX,2023-04-14 11:29:47,18.9667,-91.1833,18,49,85.334,4.17
525,saint-pierre,RE,2023-04-14 11:29:47,-21.3393,55.4781,75,74,82.34600000000006,1.54
526,asfi,MA,2023-04-14 11:29:47,32.2994,-9.2372,0,48,71.27599999999998,11.37
527,vila do maio,CV,2023-04-14 11:29:48,15.1333,-23.2167,51,75,83.46199999999996,4.54
528,upata,VE,2023-04-14 11:29:48,8.0086,-62.3989,100,47,83.46199999999996,2.8
529,vredendal,ZA,2023-04-14 11:29:48,-31.6683,18.5012,2,26,76.60399999999996,4.92
530,joensuu,FI,2023-04-14 11:29:48,62.6012,29.7632,0,28,39.95600000000003,5.66
531,chapais,CA,2023-04-14 11:29:49,49.7834,-74.8492,97,75,33.85399999999995,2.13
532,neuquen,AR,2023-04-14 11:25:18,-38.9516,-68.0591,0,55,59.161999999999956,4.63
533,elko,US,2023-04-14 11:29:49,41.0002,-115.5012,62,56,34.016000000000005,2.24
534,sivaki,RU,2023-04-14 11:29:49,52.6333,126.75,18,85,28.52599999999999,1.95
535,the valley,AI,2023-04-14 11:29:49,18.217,-63.0578,20,69,86.12599999999999,6.69
536,fort nelson,CA,2023-04-14 11:29:50,58.8053,-122.7002,40,74,33.22400000000001,1.34
537,aktash,RU,2023-04-14 11:29:50,50.3,87.7333,100,95,24.098000000000024,2.27
538,medicine hat,CA,2023-04-14 11:26:04,50.0501,-110.6683,75,100,38.983999999999995,3.6
539,okato,NZ,2023-04-14 11:29:50,-39.2,173.8833,100,100,58.17200000000004,2.84
540,oussouye,SN,2023-04-14 11:29:51,12.485,-16.5469,11,26,108.05,2.4
541,hobyo,SO,2023-04-14 11:29:51,5.3505,48.5268,22,69,85.02799999999996,6.34
542,georgiyevka,KZ,2023-04-14 11:29:51,43.0369,74.7114,0,60,68.30600000000004,4
543,arkadelphia,US,2023-04-14 11:29:51,34.1209,-93.0538,0,64,71.45600000000003,4.12
544,ojinaga,MX,2023-04-14 11:29:51,29.5667,-104.4167,0,23,76.83800000000005,5.14
545,gushi,CN,2023-04-14 11:29:51,34.6425,109.5843,0,58,56.55199999999998,3.77
546,mtwara,TZ,2023-04-14 11:29:52,-10.2667,40.1833,96,81,80.34800000000003,3.25
547,pundaguitan,PH,2023-04-14 11:29:52,6.3711,126.1689,2,77,82.54399999999998,1.49
548,crestview,US,2023-04-14 11:29:52,30.7621,-86.5705,20,65,74.04800000000003,3.6
549,nuuk,GL,2023-04-14 11:29:52,64.1835,-51.7216,20,60,38.28200000000002,6.71
550,beni mazar,EG,2023-04-14 11:29:53,28.4962,30.8029,28,15,83.67799999999997,3.82
551,mayenne,FR,2023-04-14 11:29:54,48.3333,-0.6667,98,87,49.71199999999996,4.51
552,abu zabad,SD,2023-04-14 11:29:54,12.35,29.25,37,9,98.65399999999995,2.21
553,sibolga,ID,2023-04-14 11:29:55,1.7427,98.7792,100,89,78.08000000000004,1.39
554,aykhal,RU,2023-04-14 11:29:55,66,111.5,100,92,25.39399999999997,10.38
555,champasak,LA,2023-04-14 11:29:55,14.75,106,20,63,82.076,0.57
556,erzincan,TR,2023-04-14 11:29:55,39.75,39.5,75,35,56.76799999999999,3.6
557,broome,US,2023-04-14 11:29:55,42.2506,-75.833,0,38,79.96999999999997,0.89
558,egvekinot,RU,2023-04-14 11:29:56,66.3167,-179.1667,4,85,-9.544000000000025,3.66
559,pacifica,US,2023-04-14 11:29:57,37.6138,-122.4869,75,82,51.85399999999996,6.17
560,cam pha,,,,,,,,
561,temir,KZ,2023-04-14 11:29:57,49.1414,57.13,100,82,47.08399999999999,7.53
562,kasongo-lunda,CD,2023-04-14 11:29:58,-6.4667,16.8167,51,66,85.29800000000003,0.17
563,palabuhanratu,,,,,,,,
564,mount isa,AU,2023-04-14 11:29:59,-20.7333,139.5,100,63,66.23599999999996,0
565,southbridge,US,2023-04-14 11:29:59,42.0751,-72.0334,39,38,87.566,0.89
566,coihaique,CL,2023-04-14 11:29:59,-45.5752,-72.0662,0,70,45.48200000000001,1.54
567,ostrovnoy,RU,2023-04-14 11:30:00,68.0531,39.5131,46,77,29.06600000000001,6.31
568,ishigaki,JP,2023-04-14 11:30:00,24.3448,124.1572,20,100,75.59600000000006,4.12
569,aleksandrovsk-sakhalinskiy,RU,2023-04-14 11:30:00,50.8975,142.1561,100,90,27.482000000000017,3.61
570,caxito,AO,2023-04-14 11:30:01,-8.5785,13.6643,26,70,86.9,4
571,dingle,PH,2023-04-14 11:30:02,10.9995,122.6711,0,83,77.84600000000006,1.13
572,svetlaya,RU,2023-04-14 11:30:03,46.5389,138.3297,2,68,31.208000000000006,2.26
573,olafsvik,IS,2023-04-14 11:30:04,64.8945,-23.7142,55,81,40.51400000000003,7.4
574,teyateyaneng,LS,2023-04-14 11:30:06,-29.1472,27.7489,33,32,55.616000000000014,3.65
575,barra patuca,HN,2023-04-14 11:30:06,15.8,-84.2833,72,58,85.60399999999996,5.64
576,sibu,MY,2023-04-14 11:30:07,2.3,111.8167,40,94,77.576,0
577,bara,NG,2023-04-14 11:30:07,10.3744,10.7288,26,8,103.45999999999998,4.81
578,whitley bay,GB,2023-04-14 11:30:09,55.0397,-1.4471,75,84,46.274000000000015,2.57
579,meulaboh,ID,2023-04-14 11:30:09,4.1363,96.1285,100,91,77.07200000000003,1.76
580,nouadhibou,MR,2023-04-14 11:30:09,20.931,-17.0347,1,47,82.65199999999999,4.63
581,betlitsa,RU,2023-04-14 11:30:09,54.0095,33.9588,100,43,45.68000000000004,5.12
582,matara,LK,2023-04-14 11:30:09,5.9485,80.5353,75,87,78.40399999999995,0.4
583,christchurch,NZ,2023-04-14 11:29:19,-43.5333,172.6333,100,91,55.184,2.06
584,bathsheba,BB,2023-04-14 11:30:10,13.2167,-59.5167,75,69,83.28200000000001,6.69
585,palm coast,US,2023-04-14 11:25:30,29.585,-81.2078,40,80,81.392,2.57
586,baijiantan,CN,2023-04-14 11:30:12,45.6333,85.1833,100,27,60.09800000000003,2.64
587,attawapiskat,,,,,,,,
588,mae sai,TH,2023-04-14 11:30:16,20.4335,99.8762,5,20,84.66799999999998,1.44
589,flinders,AU,2023-04-14 11:30:18,-34.5833,150.8552,1,88,57.45199999999998,0.89
590,talnakh,RU,2023-04-14 11:30:18,69.4865,88.3972,100,99,-7.528000000000013,2.01
591,marsh harbour,BS,2023-04-14 11:30:18,26.5412,-77.0636,95,81,77.342,5.67
592,ypsonas,CY,2023-04-14 11:30:19,34.6884,32.9574,40,63,65.642,3.09
593,voh,NC,2023-04-14 11:30:19,-20.9667,164.7,100,92,73.59800000000003,1.74
594,sao joao da barra,BR,2023-04-14 11:29:48,-21.6403,-41.0511,16,72,89.95999999999998,2.05
595,skegness,GB,2023-04-14 11:30:20,53.1436,0.3363,100,68,54.608000000000004,5.65
596,masandra,,,,,,,,
597,nacozari,MX,2023-04-14 11:30:21,25.3366,-108.2574,93,52,73.32799999999997,4.11
598,tessalit,ML,2023-04-14 11:30:21,20.1986,1.0114,83,7,96.49399999999997,4.66
599,mkushi,ZM,2023-04-14 11:30:21,-13.6202,29.3939,32,91,66.41600000000001,1.61
600,shingu,JP,2023-04-14 11:30:21,33.7333,135.9833,100,87,53.76199999999996,2.91
601,kamina,CD,2023-04-14 11:30:22,-8.7386,24.9906,90,86,70.7,1.38
